报告日,流动资产,货币资金,结算备付金,拆出资金,交易性金融资产,买入返售金融资产,衍生金融资产,应收票据及应收账款,应收票据,应收账款,应收款项融资,预付款项,应收股利,应收利息,应收保费,应收分保账款,应收分保合同准备金,应收出口退税,应收补贴款,应收保证金,内部应收款,其他应收款,其他应收款(合计),存货,划分为持有待售的资产,待摊费用,待处理流动资产损益,一年内到期的非流动资产,其他流动资产,流动资产合计,非流动资产,发放贷款及垫款,债权投资,其他债权投资,以公允价值计量且其变动计入其他综合收益的金融资产,以摊余成本计量的金融资产,可供出售金融资产,长期股权投资,投资性房地产,长期应收款,其他权益工具投资,其他非流动金融资产,其他长期投资,固定资产原值,累计折旧,固定资产净值,固定资产减值准备,在建工程合计,在建工程,工程物资,固定资产净额,固定资产清理,固定资产及清理合计,生产性生物资产,公益性生物资产,油气资产,合同资产,使用权资产,无形资产,开发支出,商誉,长期待摊费用,股权分置流通权,递延所得税资产,其他非流动资产,非流动资产合计,资产总计,流动负债,短期借款,向中央银行借款,吸收存款及同业存放,拆入资金,交易性金融负债,衍生金融负债,应付票据及应付账款,应付票据,应付账款,预收款项,合同负债,卖出回购金融资产款,应付手续费及佣金,应付职工薪酬,应交税费,应付利息,应付股利,应付保证金,内部应付款,其他应付款,其他应付款合计,其他应交款,担保责任赔偿准备金,应付分保账款,保险合同准备金,代理买卖证券款,代理承销证券款,国际票证结算,国内票证结算,预提费用,预计流动负债,应付短期债券,划分为持有待售的负债,一年内的递延收益,一年内到期的非流动负债,其他流动负债,流动负债合计,非流动负债,长期借款,应付债券,应付债券：优先股,应付债券：永续债,租赁负债,长期应付职工薪酬,长期应付款,长期应付款合计,专项应付款,预计非流动负债,长期递延收益,递延所得税负债,其他非流动负债,非流动负债合计,负债合计,所有者权益,实收资本(或股本),其他权益工具,优先股,永续债,资本公积,减:库存股,其他综合收益,专项储备,盈余公积,一般风险准备,未确定的投资损失,未分配利润,拟分配现金股利,外币报表折算差额,归属于母公司股东权益合计,少数股东权益,所有者权益(或股东权益)合计,负债和所有者权益(或股东权益)总计,数据源,是否审计,公告日期,币种,类型,更新日期
20250331,,5672225870.41,,,2256259338.05,,,1284613344.24,,1284613344.24,,1076140151.66,2929204.5,,,,,,,,,,34337808.95,,,,,745154905.55,109092002.76,11177823421.62,,,,,,,,436041342.35,684863019.13,,216991384.0,1052893592.7,,,,,,,,,,,1074626599.16,,,,,7412918.77,1872370890.01,,1578065048.53,81908247.83,,81207610.41,2071349861.6,9157730514.49,20335553936.11,,2523642666.74,,,,3771090.35,,3230753165.82,1249000000.0,1981753165.82,330196.15,265563237.11,,,191292626.51,192875806.63,,,,,,185960260.65,,,,,,,,,,,,,,5638991.23,76362507.1,6676190548.29,,,,,,1907259.56,,,,,,,93965572.89,,95872832.45,6772063380.74,,2212237681.0,,,,2558517496.25,300524656.78,-122014755.07,,666869940.33,,,8427549692.03,,,13442635397.76,120855157.61,13563490555.37,20335553936.11,定期报告,未审计,20250430,CNY,合并期末,2025-04-29T16:52:15
20241231,,5058893098.76,,,2249440497.59,,,1212667677.2,,1212667677.2,,729588626.88,12782059.51,,,,,,,,,30058049.53,42840109.04,,,,,923069692.33,118850219.61,10335349921.41,,,,,,,,446322435.18,689233033.12,,217022972.2,1037418816.34,,1186998835.65,110354041.84,1076644793.81,,,,,1076644793.81,,1076644793.81,,,,,6566577.29,1888794105.85,,1578065048.53,66733610.79,,44668879.75,2195871744.13,9247342016.99,19582691938.4,,2653781111.11,,,,8743696.6,,2712312211.58,1044500000.0,1667812211.58,362116.34,244227089.06,,,384954362.43,200043621.99,,,,,200414366.22,200414366.22,,,,,,,,,,,,,,5085969.06,49219418.15,6459143962.54,,,,,,1528614.88,,,,,,,105413115.53,,106941730.41,6566085692.95,,2217864281.0,,,,2678529816.16,401229096.75,-119674167.7,,666869940.33,,,7878369071.34,,,12920729844.38,95876401.07,13016606245.45,19582691938.4,定期报告,是,20250430,CNY,合并期末,2025-04-18T18:56:06
20240930,,4061942251.76,,,2376504687.21,,,1241383211.78,,1241383211.78,,1196735584.05,146713.6,,,,,,,,,,34565797.05,,,,,1023692300.1,131716270.58,10066540102.53,,,,,,,,504090992.75,,,243677321.32,1067568673.84,,,,,,909413288.93,,,,,802093899.35,,,,,8962668.03,1950306569.66,,1578065048.53,96028562.68,,48238969.58,2198050454.18,9406496448.85,19473036551.38,,2071628333.35,,,,1593068.6,,3390857668.17,1509000000.0,1881857668.17,,259464134.58,,,308058494.42,162762576.14,,,,,,214123897.43,,,,,,,,,,,,,,160682652.31,64515453.31,6633686278.31,,,,,,4328284.3,,,,,,,103333741.51,,107662025.81,6741348304.12,,2217864281.0,,,,2678529816.14,401229096.75,-136003558.42,,666869940.33,,,7573911013.74,,,12599942396.04,131745851.22,12731688247.26,19473036551.38,定期报告,未审计,20241031,CNY,合并期末,2024-10-30T18:25:04
20240630,,3909071141.06,,,2804612941.44,,,1289722221.77,,1289722221.77,,1040456754.16,3363297.36,,,,,,,,,32424195.74,35787493.1,,,,,916503605.34,90703934.11,10086858090.98,,,,,,,,503824014.75,,,247397730.84,917919232.3,,985182239.31,176799915.53,808382323.78,,775702455.39,775702455.39,,808382323.78,,808382323.78,,,,,12749140.01,1967049751.39,,1578065048.53,93399383.85,,79811706.04,2260434678.96,9244735465.84,19331593556.82,,1763133888.9,,,,456586.09,,3556452437.79,1539000000.0,2017452437.79,,290102426.56,,,257164937.24,173170504.02,,,,,199468090.24,199468090.24,,,,,,,,,,,,,,83628350.02,60229306.0,6383806526.86,,80750000.0,,,,4920678.0,,,,,,,106834520.94,,192505198.94,6576311725.8,,2217864281.0,,,,2863916788.42,401229096.75,-120147454.57,,666869940.33,,,7418014496.76,,,12645288955.19,109992875.83,12755281831.02,19331593556.82,定期报告,未审计,20240827,CNY,合并期末,2024-08-26T16:30:04
20240331,,6868736492.8,,,2752478343.1,,,1527930868.37,,1527930868.37,,866959028.31,,,,,,,,,,,35794651.67,,,,,529213572.23,90996158.71,12672109115.19,,,,,,,,508839103.15,,,247199935.79,908880746.01,,,,,,645151953.55,,,,,815616536.8,,,,,13058369.13,1976995967.97,,1578065048.53,92809139.72,,65565545.91,1154820540.78,8007002887.34,20679112002.53,,2342769583.34,,,,5570628.63,,3366379815.7,1297000000.0,2069379815.7,,298741219.04,,,202996184.39,192657752.99,,,,,,203124828.92,,,,,,,,,,,,,,209358373.1,84262254.53,6905860640.64,,306000000.0,,,,3495220.87,,,,,,,108901520.07,,418396740.94,7324257381.58,,2217864281.0,,,,2843474119.3,401229096.75,-127453243.98,,666869940.33,,,8045358398.81,,,13244884398.71,109970222.24,13354854620.95,20679112002.53,定期报告,未审计,20240430,CNY,合并期末,2024-04-29T17:30:14
20231231,,6176992875.55,,,2024681502.03,,,1479267695.67,,1479267695.67,,1143237497.9,10000000.0,,,,,,,,,36247241.46,46247241.46,,,,,164307298.27,88085256.86,11122819367.74,,,,,,,,520735613.55,,,247132794.34,825660687.4,,986698856.42,163190571.82,823508284.6,,534491192.2,534491192.2,,823508284.6,,823508284.6,,,,,16622471.2,1040204870.96,,1578065048.53,90785937.93,,53947130.48,2280577680.43,8011731711.62,19134551079.36,,1554577083.34,,,,74311.41,,2912714480.74,1087000000.0,1825714480.74,0.0,280023602.87,,,408786174.15,280471436.39,,,,,201521074.52,201521074.52,,,,,,,,,,,,,,212167632.34,55277993.63,5905613789.39,,306000000.0,,,,3944589.05,,,,,,,106630292.58,,416574881.63,6322188671.02,,2217864281.0,,,,2823040832.04,300524656.78,-129511563.25,,666869940.33,,,7429206642.53,,,12706945475.87,105416932.47,12812362408.34,19134551079.36,定期报告,是,20250419,CNY,合并期末,2024-04-19T18:20:04
20230930,,6741946656.73,,,1875990481.9,,,1466570857.16,,1466570857.16,,1221554925.07,,,,,,,,,,,40843382.82,,,,,185557808.16,63384921.17,11595849033.01,,,,,,,,610240911.03,,,271291909.64,788846666.62,,,,,,403991251.46,,,,,832038734.41,,,,,19688451.72,1044896316.27,,1589065048.53,111008744.0,,56019029.48,1397432869.47,7124519932.63,18720368965.64,,1518285500.0,,,,180372.01,,3045107370.95,1454000000.0,1591107370.95,,247838647.4,,,276031243.89,286027939.4,,,,,,201675979.89,,,,,,,,,,,,,,205230124.92,70088930.55,5850466109.01,,314500000.0,,,,5091022.48,,,,,,,105886595.12,,425477617.6,6275943726.61,,2217864281.0,,,,2890070614.63,300524656.78,-97601378.78,,666869940.33,,,6962940309.6,,,12339619110.0,104806129.03,12444425239.03,18720368965.64,定期报告,未审计,20231031,CNY,合并期末,2023-10-30T16:10:04
20230630,,8232496377.64,,,1881228387.25,,,1432993006.78,,1432993006.78,,961831277.89,,,,,,,,,,52707980.09,52707980.09,,,,,279376846.42,78075017.09,12918708893.16,,,,,,,,606075958.69,,,271570153.45,724537135.88,,993603940.96,158680549.46,834923391.5,,326705519.85,326705519.85,,834923391.5,,834923391.5,,,,,26401292.25,1056362674.08,,1589065048.53,128031967.87,,99538660.56,1291742516.94,6954954319.6,19873663212.76,,1929285500.0,,,,,,3636387322.93,1503000000.0,2133387322.93,,240892166.88,,,217860624.83,247166060.59,,,,,212905566.26,212905566.26,,,,,,,,,,,,,,79258772.61,71118462.53,6634874476.63,,468500000.0,,,,9251557.84,,,,,,,105831047.9,,583582605.74,7218457082.37,,2217864281.0,,,,2852169276.3,83105950.55,-99115449.05,,666869940.33,,,6989093914.46,,,12543776012.49,111430117.9,12655206130.39,19873663212.76,定期报告,未审计,20230831,CNY,合并期末,2023-08-30T16:45:04
20230331,,7557780990.44,,,2252952251.74,,,1455720355.76,,1455720355.76,,722028469.74,,,,,,,,,,,78693095.78,,,,,196712257.4,49357472.57,12313244893.43,,,,,,,,614872058.28,,,269428280.99,694622473.24,,,,,,263485568.34,,,,,839913551.81,,,,,28237495.76,1051026165.33,,1589065048.53,111945626.67,,38404370.83,1213471823.52,6714472463.3,19027717356.73,,1453001825.0,,,,,,2831815642.24,1082000000.0,1749815642.24,,250171942.6,,,177941095.04,265736525.73,,,,,,214887052.78,,,,,,,,,,,,,,52894136.12,53050174.05,5299498393.56,,503500000.0,,,,16492865.0,,,,,,,102407090.54,,622399955.54,5921898349.1,,2217864281.0,,,,2814513291.09,83105950.55,-164247978.12,,666869940.33,,,7533401697.26,,,12985295281.01,120523726.62,13105819007.63,19027717356.73,定期报告,未审计,20230429,CNY,合并期末,2023-04-28T16:15:04
20221231,,5129481882.65,,,2792984819.12,,,1433563842.43,,1433563842.43,,855193135.12,0.0,,,,,,,,,87419373.81,87419373.81,,,,,225739517.7,62124622.63,10586507193.46,,,,,,,,621794374.74,,,269990212.51,685698473.75,,998551937.63,148521902.71,850030034.92,,242508087.97,242508087.97,,850030034.92,,850030034.92,,,,,31967946.49,1059676921.41,,1589065048.53,99473412.05,,34357615.22,1024113999.86,6508676127.45,17095183320.91,,901046888.89,,,,84380.59,,2203560259.52,555000000.0,1648560259.52,,259519734.14,,,374469366.73,294163918.06,,,,,210926206.25,210926206.25,,,,,,,,,,,,,,45909085.65,51763224.36,4341443064.19,,323000000.0,,,,16786536.53,,,,,,,101348616.16,,441135152.69,4782578216.88,,2217864281.0,,,,2776585669.95,83105950.55,-153044746.45,,666869940.33,,,6758838410.54,,,12184007604.82,128597499.21,12312605104.03,17095183320.91,定期报告,是,20240420,CNY,合并期末,2023-04-27T17:35:13
20220930,,4655526853.1,,,2643532078.55,,,1269748785.76,,1269748785.76,,1126591531.45,12031435.97,,,,,,,,,,82888347.45,,,,,175121490.3,247197097.01,10200606183.62,,,,,,,,718969063.66,,,342941392.53,589399764.33,,,,,,208314347.33,,,,,860855279.85,,,,,36454407.86,1067316091.89,,1589065048.53,130845951.19,,19701540.34,763466440.84,6327329328.35,16527935511.97,,898450000.0,,,,,,2408539940.1,620000000.0,1788539940.1,,214607883.12,,,355180114.61,198977516.27,1482646.8,,,,,167943271.38,,,,,,,,,,,,,,45876530.76,48821170.5,4338396426.74,,323000000.0,,,,20055951.31,,,,,,,101289974.31,,444345925.62,4782742352.36,,2217864281.0,,,,2751559479.44,,-99962820.93,,166559856.09,,,6560839279.34,,,11596860074.94,148333084.67,11745193159.61,16527935511.97,定期报告,未审计,20221031,CNY,合并期末,2022-10-30T15:40:05
20220630,,5059884639.38,,,2301576209.18,,,1493792623.54,,1493792623.54,,989143622.79,14481435.97,,,,,,,,,66057159.72,80538595.69,34.5,,,,,452827965.93,10377763691.01,,,,,,,,714617174.92,,,325592046.97,638838488.62,,1026776398.23,155203013.95,871573384.28,,134045030.85,134045030.85,,871573384.28,,871573384.28,,,,,47116082.01,1069748653.8,,1589065048.53,127820789.36,,19319251.93,388713131.35,5926449082.62,16304212773.63,,607450000.0,,,,,,2328805699.77,670000000.0,1658805699.77,,247579719.63,,,302561536.89,191448447.16,676058.29,,,,201724768.91,202400827.2,,,,,,,,,,,,,,40078024.93,39350831.92,3959675087.5,,341000000.0,,,,27270304.28,,,,,,,100681886.98,,468952191.26,4428627278.76,,2217864281.0,,,,2697160867.84,,-135653501.52,,166559856.09,,,6775527608.68,,,11721459112.09,154126382.78,11875585494.87,16304212773.63,定期报告,未审计,20220831,CNY,合并期末,2022-08-30T16:20:17
20220331,,5265284713.76,,,1798653599.15,,,1594364981.1,,1594364981.1,,836031967.47,17252408.71,,,,,,,,,,85239320.1,34.5,,,,,45333385.48,9624908001.56,,,,,,,,737216169.78,,,326411465.07,630745686.67,,,,,,82513739.53,,,,,882826401.18,,,,,53565098.19,1079563341.38,,1589065048.53,125343811.47,,17576269.71,25755318.03,5550582349.54,15175490351.1,,350000000.0,,,,,,2081224249.41,472000000.0,1609224249.41,,256915074.41,,,232576945.14,136023310.84,,,,,,203772048.5,,,,,,,,,,,,,,21896961.59,52361790.06,3334770379.95,,20000000.0,,,,32758022.74,,,,,,,150106630.14,,202864652.88,3537635032.83,,2217864281.0,,,,2987841494.87,299999563.27,-185883223.07,,166559856.09,,,6654905598.61,,,11541288444.23,96566874.04,11637855318.27,15175490351.1,定期报告,未审计,20220430,CNY,合并期末,2022-04-29T15:50:04
20211231,,4618532776.92,,,2098526001.6,,,1264319473.08,,1264319473.08,,1055295139.07,14481435.97,,,,,,,,,75416591.89,89898027.86,,,,,,60264139.07,9186835557.6,,,,,,,,509058912.99,,,326561477.94,561680630.03,,1035449640.05,143442865.45,892006774.6,,77637189.7,77637189.7,,892006774.6,,892006774.6,,,,,59925125.24,1088487381.04,,1589065048.53,97947759.66,,17700526.83,30274858.6,5250345685.16,14437181242.76,,445635500.0,,,,,,1773004179.17,208000000.0,1565004179.17,,260658631.26,,,455632387.06,188987667.45,,,,,199296971.3,199296971.3,,,,,,,,,,,,,,23773918.12,52341276.62,3399330530.98,,20000000.0,,,,39641414.25,,,,,,,120873287.67,,180514701.92,3579845232.9,,2217864281.0,,,,2978593891.37,299999563.27,-184243331.38,,166559856.09,,,5894941180.68,,,10773716314.49,83619695.37,10857336009.86,14437181242.76,定期报告,是,20230428,CNY,合并期末,2022-04-25T20:35:05
20210930,,4380348387.2,,,1064848847.98,,,1681020970.96,,1681020970.96,,1327896966.95,11791093.94,,,,,,,,,,94669235.62,,,,,,342110500.89,8890894909.6,,,,,,,,421225064.94,,,365085995.23,541128042.52,,,,,,41328734.53,,,,,899026840.31,,,,,68342082.09,1091207498.11,,1589065048.53,117997724.56,,8587003.0,52293776.43,5195287810.25,14086182719.85,,447281000.0,,,,,,2480862794.93,829000000.0,1651862794.93,,254298490.94,,,376663398.33,161758976.8,,332679642.15,,,,511692231.57,,,,,,,,,,,,,,20508822.39,61527347.45,4314593062.41,,,,,,50403632.8,,,,,,,,152410.38,50556043.18,4365149105.59,,2217864281.0,,,,2967032212.49,299999563.27,-159173349.94,,145731289.12,,,4758933902.44,,,9630388771.84,90644842.42,9721033614.26,14086182719.85,定期报告,未审计,20211030,CNY,合并期末,2021-10-29T16:20:04
20210630,,3927610090.55,,,2144978476.54,,,1361016422.73,,1361016422.73,,1116715243.28,10100000.0,,,,,,,,,91976932.89,102076932.89,,,,,,282207588.96,8934604754.95,,,,,,,,428731774.82,,,364998286.1,423216689.35,,1038047594.67,131340094.29,906707500.38,,10232260.08,10232260.08,,906707500.39,,906707500.39,,,,,89700305.83,1100776339.37,,1589065048.53,115071414.74,,11076743.28,1950014.04,5041526376.53,13976131131.48,,247063500.0,,,,,,2199708353.34,563500000.0,1636208353.34,,246023708.35,,,300377802.41,188664415.76,,443572856.2,,,743899570.1,1187472426.3,,,,,,,,,,,,,,29279326.08,41162474.93,4439752007.17,,,,,,64256151.56,,,,,,,31678.49,,64287830.05,4504039837.22,,2217864281.0,,,,2953245644.37,,-160292383.05,,4868573.36,,,4361748546.69,,,9377434662.37,94656631.89,9472091294.26,13976131131.48,定期报告,未审计,20210831,CNY,合并期末,2021-08-30T16:35:04
20210331,,4502343919.54,,,1151373217.24,,,1635353862.54,,1635353862.54,,892567588.85,11252655.89,,,,,,,,,,102289882.85,,,,,,381846388.3,8665774859.32,,,,,,,,409914257.61,,,347527565.37,394576856.53,,,,,,7249842.18,,,,,916038844.29,,,,,81232377.52,1110397832.56,,1589065048.53,80701542.24,,10415145.19,33728565.84,4980847877.86,13646622737.18,,474376000.0,,,,,,2437033936.26,605820825.8,1831213110.46,,251395482.25,,,254928344.23,209362355.97,,,,,,745576735.78,,,,,,,,,,,,,,,59940205.2,4432613059.69,,,,,,84927657.98,,,,,,,202696.77,,85130354.75,4517743414.44,,2217864281.0,,,,2931939129.99,,-144091647.36,,,,,4073245121.18,,,9078956884.81,49922437.93,9128879322.74,13646622737.18,定期报告,未审计,20210430,CNY,合并期末,2021-04-29T16:40:04
20201231,,1776856909.85,,,1321234029.61,,,1164657998.35,,1164657998.35,,999890031.0,10100000.0,,,,,,,,,75038773.1,85138773.1,,,,,,452435284.38,5800213026.29,,,,,,,,360566552.56,,,294824927.02,372195483.93,,1037370642.68,114634003.92,922736638.76,,4180019.75,4180019.75,,922736638.76,,922736638.76,,,,,,1108434647.51,,1589065048.53,71442122.88,,9967411.35,30705621.27,4764118473.56,10564331499.85,,889324326.07,,,,,,1471447675.84,393351017.72,1078096658.12,,204231829.45,,,410000161.52,160224192.87,,,,,1317972818.79,1317972818.79,,,,,,,,,,,,,,,45287027.61,4498488032.15,,,,,,,,,,,,,391763.97,,391763.97,4498879796.12,,2112251697.0,,,,114693519.91,,-149074272.37,,,,,3959512681.41,,,6037383625.95,28068077.78,6065451703.73,10564331499.85,定期报告,是,20220426,CNY,合并期末,2021-04-29T16:40:04
20200930,,2464608865.66,,,2038004368.97,,,1422707484.97,,1422707484.97,,1174871788.49,10100000.0,,,,,,,,,,81837039.95,,,,,,312438737.53,7494468285.57,,,,,,,,470833768.23,,,259950963.31,509929995.71,,,,,,902574.46,,,,,929539605.28,,,,,,1112499544.39,,1614909880.35,44022372.87,,19033031.28,,4961621735.88,12456090021.45,,889324326.07,,,,,,2136983150.45,573837406.43,1563145744.02,,277569536.44,,,371054816.31,168010491.47,,,,,,157504094.51,,,,,,,,,,,,,,,70485462.89,4070931878.14,,,,,,,,,,,,,2858532.7,,2858532.7,4073790410.84,,2112251697.0,,,,184477643.55,,-110790068.49,,227390965.9,,,5703968993.25,,,8117299231.21,265000379.4,8382299610.61,12456090021.45,定期报告,未审计,20201031,CNY,合并期末,2020-10-30T21:45:03
20200630,,3476651621.54,,,2078176380.47,,,1275085408.62,,1275085408.62,,648900877.82,10400000.0,,,,,,,,,69800345.6,80200345.6,,,,,,171339570.64,7730354204.69,,,,,,,,466187441.61,,,125811953.38,430351973.16,,1017104492.37,96873358.93,920231133.44,,,,,920231133.44,,920231133.44,,,,,,16210163.97,,1614909880.35,32136689.41,,26766154.05,1107475299.02,4740080688.39,12470434893.08,,889324326.07,,,,,,2032117378.94,540000000.0,1492117378.94,,236490124.28,,,399363683.28,178142122.0,,,,,156831656.54,156831656.54,,,,,,,,,,,,,,,56387620.73,3948656911.84,,,,,,,,,,,,,1102695.2,,1102695.2,3949759607.04,,2112251697.0,,,,156939080.75,,-84201739.17,,227390965.9,,,5777154510.18,,,8189534514.66,331140771.38,8520675286.04,12470434893.08,定期报告,未审计,20200831,CNY,合并期末,2020-08-30T16:20:03
20200331,,3131151479.46,,,2429537618.26,,,1603251072.99,,1603251072.99,,441376605.18,10400000.0,,,,,,,,,,77903331.37,,,,,,69977952.49,7753198059.75,,,,,,,,499838755.8,,,122631682.21,461452503.67,,,,,,,,,,,846275741.08,,,,,,17766460.87,,1614909880.35,31468788.04,,31097189.63,1129285599.02,4754726600.67,12507924660.42,,663324326.07,,,,,,2667695086.35,690000000.0,1977695086.35,,265738935.74,,,207472299.15,183820565.57,,,,,,155279598.14,,,,,,,,,,,,,,273535810.17,65419014.27,4482285635.46,,,,,,,,,,,,,827506.85,36672.3,864179.15,4483149814.61,,2112251697.0,,,,115043496.24,,-83950535.56,,227390965.9,,,5439918302.43,,,7810653926.01,214120919.8,8024774845.81,12507924660.42,定期报告,未审计,20200430,CNY,合并期末,2020-04-29T16:30:03
20191231,,2152508643.76,,,2042903416.32,,,1287915082.56,,1287915082.56,,661089054.7,10400000.0,,,,,,,,,74442613.18,84842613.18,,,,,,125885754.42,6355144564.94,,,,,,,,468792240.2,,,119521347.6,389489978.68,,134896784.81,87793810.67,47102974.14,,797245599.78,797245599.78,,47102974.14,,47102974.14,,,,,,16997408.09,,1614909880.35,38593956.25,,26566306.68,270895599.02,3790115290.79,10145259855.73,,,,,,,,1718946404.24,300000000.0,1418946404.24,196924263.69,,,,278936676.53,161110700.51,,,,,141387120.09,141387120.09,,,,,,,,,,,,,,31158472.31,71925723.44,2600389360.81,,250017634.02,,,,,,,,,,721630.66,422626.71,,251161891.39,2851551252.2,,2112251697.0,,,,73153800.49,,-94582500.13,,227390965.9,,,4711093895.82,,,7029307859.08,264400744.45,7293708603.53,10145259855.73,定期报告,是,20210430,CNY,合并期末,2020-04-01T18:00:02
20190930,,1916924331.82,,,777996808.0,,,1766652940.51,,1766652940.51,,902123069.6,,,,,,,,,,,96989405.05,,7536816.46,,,,129029468.43,5597252839.87,,,,,,,,514386997.63,,,281518421.95,832519451.72,,,,,,766695872.6,,,,,41107820.46,,,,,,13397321.67,,1578065048.53,73342938.57,,6477334.37,58389682.02,4165900889.52,9763153729.39,,,,,,,,2079707769.59,610000000.0,1469707769.59,220812532.37,,,,155313364.42,117557121.21,,,,,,135418073.75,,,,,,,,,,,,,,30543657.3,107264327.86,2846616846.5,,258178848.05,,,,,,,,,,1579736.22,,,259758584.27,3106375430.77,,2112251697.0,,,,221483588.79,302007311.87,34468230.37,,170477835.88,,,4285678129.96,,,6522352170.13,134426128.49,6656778298.62,9763153729.39,定期报告,未审计,20191031,CNY,合并期末,2020-03-13T15:29:48
20190630,,1788431889.15,,,320000000.0,,,1717575938.59,,1717575938.59,,502448873.3,,,,,,,,,,92363339.09,92363339.09,,7536816.46,,,,125703458.23,4554060314.82,,,,,,,,514224823.77,,,246635981.28,932481621.45,,122333949.72,85948007.67,36385942.05,,751293007.77,751293007.77,,36385942.05,,36385942.05,,,,,,14279324.27,,1578065048.53,74090122.83,,7790147.85,58269048.52,4213515068.32,8767575383.14,,,,,,,,1130674856.19,30000000.0,1100674856.19,180159647.52,,,,121495008.66,88463827.01,,417980832.0,,,134326337.79,552307169.79,,,,,,,,,,,,,,30282389.93,76707849.63,2180090748.73,,265883241.55,,,,,,,,,,2264694.54,,,268147936.09,2448238684.82,,2112251697.0,,,,192239353.57,302007311.87,19514256.07,,170477835.88,,,3974141378.37,,,6166617209.02,152719489.3,6319336698.32,8767575383.14,定期报告,未审计,20190828,CNY,合并期末,2020-03-13T15:29:48
20190331,,2302679511.8,,,100000000.0,,,1584503588.73,,1584503588.73,,208812539.16,,,,,,,,,,,119063552.85,,7536816.46,,,,238724672.55,4561320681.55,,,,,,,,523614008.86,,,195974237.2,900323494.04,,,,,,,,,,,32955874.46,,,,,,13426148.53,6894174.69,1578065048.53,75754062.16,,15381650.71,801611138.04,4143999837.22,8705320518.77,,369000000.0,,,,,,1036222940.23,,,147027295.29,,,,83865786.19,65658281.35,52841.84,,,,,121264749.03,,,,,,,,,,,,,,29981519.66,101709597.81,1954730169.56,,273535810.17,,,,,,,,,,2949652.86,,,276485463.03,2231215632.59,,2124870253.0,,,,298739967.21,,8979302.04,,170477835.88,,,3813428089.85,,,6416495447.98,57609438.2,6474104886.18,8705320518.77,定期报告,未审计,20190426,CNY,合并期末,2020-03-13T15:29:48
20181231,,1532965200.05,,,,,,1298554481.23,,1298554481.23,,193770132.83,,64445.2,,,,,,,,792361183.7,792425628.9,,7536816.46,,,,356865377.91,4182117637.38,,,,,,,1119291025.55,555602013.99,,,,,,123404840.21,86946385.65,36458454.56,,,,,36458454.56,,36458454.56,,,,,,14296437.04,6205796.16,1578567397.76,74286546.49,,27325270.01,801611138.04,4213644079.6,8395761716.98,,369000000.0,,,,,,1082362368.29,,1082362368.29,94628742.59,,,,121978401.18,89275803.43,52841.84,,,,108089757.99,108142599.83,,,,,,,,,,,,,,29599165.73,97256568.16,1992243649.21,,281176106.33,,,,,,,,,,3903715.32,4735906.2,,289815727.85,2282059377.06,,2124870253.0,,,,298739967.21,,46376346.58,,170477835.88,,,3332211003.19,,,5972675405.86,141026934.06,6113702339.92,8395761716.98,定期报告,是,20200402,CNY,合并期末,2020-03-13T15:29:48
20180930,,1434847691.23,,,,,,1390884082.87,11870000.0,1379014082.87,,300968890.23,,,,,,,,,,296159854.18,296159854.18,76145521.73,294609333.27,,,,204980917.85,3998596291.36,,,,,,,763794870.32,403625824.18,,,,,,,,,,100980969.2,100980969.2,,291518795.36,,291518795.36,,,,,,40772575.53,6065407.98,2540312996.76,80422334.51,,22222834.79,969814159.55,5219530768.18,9218127059.54,,649000000.0,,,,,,1074308809.59,,,90996674.09,,,,108586489.66,71017864.24,,,,,408478423.05,408478423.05,,,,,,,,,,,,,,29221687.95,99739545.27,2531349493.85,,288718965.9,29088958.51,,,,,,,,,8746947.02,,,326554871.43,2857904365.28,,2124870253.0,1947846.62,,,377180411.84,,2959791.66,,99561946.09,,,3612972042.78,,,6219492291.99,140730402.27,6360222694.26,9218127059.54,定期报告,未审计,20181030,CNY,合并期末,2020-03-13T15:29:48
20180630,,1538659591.57,,,,,,989045341.12,46200000.0,942845341.12,,295733066.09,1194183.75,5095.89,,,,,,,,322191024.83,323390304.47,71471268.4,337765050.83,,,,192520546.2,3748585168.68,,,,,,,651972479.13,397333972.65,,,,,,642892239.72,337588805.91,305303433.81,17288222.2,72389566.29,72389566.29,,288015211.62,,288015211.62,,,,,,42485019.45,5719543.2,2540312996.76,73666966.77,,13492897.73,949023874.74,5034412528.34,8782997697.02,,649000000.0,,,,,,828053099.62,,828053099.62,79760060.61,,,,87340794.43,41152839.18,538984.56,212487025.3,,,396389893.71,609415903.57,,,,,,,,,,,,,,28849024.11,60837165.93,2384408887.45,,296165631.48,27257539.12,,,,,,,,,9276581.42,,,332699752.02,2717108639.47,,2124870253.0,1947846.62,,,363981730.68,,-37047030.32,,99561946.09,,,3408489508.71,,,5961804254.78,104084802.77,6065889057.55,8782997697.02,定期报告,未审计,20180827,CNY,合并期末,2020-03-13T15:29:48
20180331,,1271550365.03,,,,,,992418516.11,53120000.0,939298516.11,,280668261.93,,20383.56,,,,,,,,375593933.74,375614317.3,88431321.47,73753637.73,,,,686944960.85,3769381380.42,,,,,,,907115720.66,375707584.19,,,,,,,,,,58551753.82,58551753.82,,290532253.87,,290532253.87,,,,,,45053513.48,5296680.65,2540312996.76,73824033.19,,12304409.14,944902414.56,5253601360.32,9022982740.74,,651850000.0,,,,,,884053318.96,,884053318.96,91250537.78,,,,80694448.11,43989196.48,714125.04,,,,608870522.7,609584647.74,,,,,,,,,,,,,,28481112.85,54667564.66,2444570826.58,,303517329.83,25832410.55,,,,,,,,,10144142.49,,,339493882.87,2784064709.45,,2148110844.0,1947846.62,,,725916744.63,,-45271418.0,,99561946.09,,,3229690765.82,,,6159956729.16,78961302.13,6238918031.29,9022982740.74,定期报告,未审计,20180428,CNY,合并期末,2020-03-13T15:29:48
20171231,,1580910931.98,,,,,,940249012.77,55340000.0,884909012.77,,283516789.29,,582592.17,,,,,,,,388111919.85,388694512.02,101828085.31,75066714.34,,,,592189323.99,3962455369.7,,,,,,,882481586.86,376972832.08,,,,,,623832715.43,314148606.06,309684109.37,17288222.2,50672878.42,50672878.42,,292395887.17,,292395887.17,,,,,,44898112.29,4070272.43,2540312996.76,79803089.59,,11810692.92,914263967.16,5197682315.68,9160137685.38,,372054500.0,,,,,,741792973.33,,741792973.33,84886734.84,,,,113480021.5,58281315.47,390533.38,,,,61572020.26,61962553.64,,,,,,,,,,,,,,28117893.57,57738251.19,1518314243.54,,310775272.06,27163239.26,,,,,,,,,17226474.44,,,355164985.76,1873479229.3,,2148110844.0,1947846.62,,,1972639580.66,,-25087592.3,,99561946.09,,,2819597585.78,,,7016770210.85,269888245.23,7286658456.08,9160137685.38,定期报告,是,20190426,CNY,合并期末,2020-03-13T15:29:48
20170930,,1342828821.95,,,,,,724561735.11,56960000.0,667601735.11,,310438191.22,,840100.82,,,,,,,,118658882.49,119498983.31,118041582.85,,,,12000000.0,220394976.8,2847764291.24,,,,,,,920412122.06,474976681.47,,,,,,,,,,125873094.55,125873094.55,,264057255.51,,264057255.51,,,,,,49634629.86,3465145.58,2839770547.8,94574324.53,,5592011.83,1107074649.76,5885430462.95,8733194754.19,,532899500.0,,,,,,650552967.42,15161472.18,635391495.24,72187026.52,,,,82076575.16,49932548.66,413987.13,,,,113404361.07,113818348.2,,,,,,,,,,,,,,27749272.32,32809883.56,1562026121.84,,317950687.95,25312401.55,,,,,,,,,10812246.23,,,354075335.73,1916101457.57,,2148110844.0,1947846.62,,,1951858751.51,,-19972318.38,,93488947.26,,,2416427483.22,,,6591861554.23,225231742.39,6817093296.62,8733194754.19,定期报告,未审计,20171031,CNY,合并期末,2020-03-13T15:29:48
20170630,,1586076988.96,,,,,,778966286.86,98760000.0,680206286.86,,258747877.83,,392693.94,,,,,,,,138807692.55,139200386.49,103202703.49,,,,12000000.0,436197620.28,3314391863.91,,,,,,,933101349.56,426959295.67,,,,,,567165694.51,296518286.64,270647407.87,,97598810.58,97598810.58,,270647407.87,,270647407.87,,,,,,52399608.22,2972505.94,2839770547.8,77817155.14,,7569847.24,757854992.1,5466691520.12,8781083384.03,,632963000.0,,,,,,770206459.76,39835729.73,730370730.03,57520441.31,,,,68145972.64,57674140.02,637223.98,,,,733934613.45,734571837.43,,,,,,,,,,,,,,,34419744.11,2355501595.27,,,25396114.85,,,,,,,,,12969113.57,,,38365228.42,2393866823.69,,2148110844.0,1947846.62,,,1951832455.54,,-31928879.74,,93488947.26,,,2055638675.51,,,6219089889.19,168126671.15,6387216560.34,8781083384.03,定期报告,未审计,20170831,CNY,合并期末,2020-03-13T15:29:48
20170331,,1252974384.11,,,,,,884432425.24,102553242.87,781879182.37,,371852768.08,,,,,,,,,,275630567.29,275630567.29,106615660.37,,,,,236284236.35,3127790041.44,,,,,,,831861376.32,721563993.27,,,,,,,,,,41321674.05,41321674.05,,261421749.07,,261421749.07,,,,,,50305955.67,2581757.52,1579976961.87,85836295.36,,5429733.1,320929943.21,3901229439.44,7029019480.88,,473084500.0,,,,,,878001315.06,33297999.45,844703315.61,62183380.53,,,,57502315.98,85103234.88,530909.75,,,,265090129.32,265621039.07,,,,,,,,,,,,,,,41615638.45,1863111423.97,,,25947565.88,,,,,,,,,8405481.36,,,34353047.24,1897464471.21,,2084794788.0,1947846.62,,,934606746.81,,-1817553.57,,93488947.26,,,1846600786.0,,,4959621561.12,171933448.55,5131555009.67,7029019480.88,定期报告,未审计,20170426,CNY,合并期末,2020-03-13T15:29:48
20161231,,819213006.12,,,,,,910284595.89,94638841.21,815645754.68,,291963008.64,,,,,,,,,,122662618.02,122662618.02,71481925.54,,,,,234948261.89,2450553416.1,,,,,,,785068643.78,786567839.8,,,,,,545441937.55,273950558.05,271491379.5,,31078391.88,31078391.88,,271491379.5,,271491379.5,,,,,,43864656.11,8689105.4,1579976961.87,101966657.36,,6368165.19,320590794.35,3935662595.24,6386216011.34,,372878500.0,,,,,,718127513.42,17414395.42,700713118.0,59679946.95,,,,81943285.8,53798244.69,411567.28,,,,293166635.18,293578202.46,,,,,,,,,,,,,,,44259562.28,1624265255.6,,,23757428.88,,,,,,,,,9039043.38,,,32796472.26,1657061727.86,,2084794788.0,1947846.62,,,934484599.29,,-4618535.07,,93488947.26,,,1413567635.94,,,4523665282.04,205489001.44,4729154283.48,6386216011.34,定期报告,是,20180424,CNY,合并期末,2020-03-13T15:29:48
20160930,,513247145.66,,,,,,702223145.51,74400764.41,627822381.1,,327570418.03,,74082.19,,,,,,,,136751631.3,136825713.49,75889916.9,,,,,368575780.88,2124332120.47,,,,,,,689048557.09,629489915.36,,,,,,,,,,26342668.95,26342668.95,,279519402.0,,279519402.0,,,,,,45429554.62,4433248.13,1579976961.87,133551517.93,,7322726.95,200000000.0,3595114552.9,5719446673.37,,307871500.0,,,,,,629342322.21,15637051.66,613705270.55,49503242.43,,,,65356312.97,58366701.45,326250.0,,,,265315696.72,265641946.72,,,,,,,,,,,,,,,,1376082025.78,,,,,,,,,,,,10094719.81,,,10094719.81,1386176745.59,,2084794788.0,,,,933268444.34,,-1031739.21,,35052527.43,,,1154020169.83,,,4206104190.39,127165737.39,4333269927.78,5719446673.37,定期报告,未审计,20161029,CNY,合并期末,2020-03-13T15:29:48
20160630,,704461610.61,,,,,,621374877.69,78152826.64,543222051.05,,341758099.72,,,,,,,,,,105305011.02,105305011.02,56290538.27,,,,,203440249.11,2032630386.42,,,,,,,630043431.64,619665891.8,,,,,,541193730.08,251518636.24,289675093.84,,17166815.6,17166815.6,,289675093.84,,289675093.84,,,,,,49678567.32,2480551.86,1579976961.87,129654791.53,,9306671.48,100000000.0,3427648776.94,5460279163.36,,309809000.0,,,,,,622618723.71,15846398.14,606772325.57,39399870.57,,,,53501369.46,70961989.73,326250.0,,,,320817200.12,321143450.12,,,,,,,,,,,,,,,,1417434403.59,,,,,,,,,,,,10978144.12,,,10978144.12,1428412547.71,,2084794788.0,,,,933266864.07,,-3708958.84,,35052527.43,,,887841580.73,,,3937246801.39,94619814.26,4031866615.65,5460279163.36,定期报告,未审计,20160823,CNY,合并期末,2020-03-13T15:29:48
20160331,,332957982.85,,,,,,608777066.03,109308575.3,499468490.73,,323043815.21,,2002222.6,,,,,,,,60446826.21,62449048.81,81504079.71,,,,,290254840.34,1698986832.95,,,,,,,531185737.33,608672823.41,,,,,,,,,,9480513.45,9480513.45,,297625428.73,,297625428.73,,,,,,48779756.67,8608430.34,1579976961.87,125285887.07,,3934037.29,,3213549576.16,4912536409.11,,12649745.37,,,,,,551988667.73,9000000.0,542988667.73,44959410.97,,,,51138554.32,73760054.43,,,,,326127496.61,326127496.61,,,,,,,,,,,,,,,,1060623929.43,,,,,,,,,,,,13508351.67,,,13508351.67,1074132281.1,,1042397394.0,,,,1975477381.68,,-1967357.98,,35052527.43,,,717320420.95,,,3768280366.08,70123761.93,3838404128.01,4912536409.11,定期报告,未审计,20160427,CNY,合并期末,2020-03-13T15:29:48
20151231,,1109789002.15,,,,,,532662573.91,65948202.59,466714371.32,,219864041.55,,2380560.86,,,,,,,,59012155.75,61392716.61,67554971.78,,,,,129616771.46,2120880077.46,,,,,,,286208504.29,170151788.19,,,,,,542947900.76,231717783.46,311230117.3,,1205452.93,1205452.93,,311230117.3,,311230117.3,,,,,,51305810.1,8503771.44,1579976961.87,89933475.74,,3328196.31,586600.0,2502430678.17,4623310755.63,,31394706.96,,,,,,606937608.04,4000000.0,602937608.04,57220501.08,,,,71384501.14,76567973.58,,,,,62988705.81,62988705.81,,,,,,,,,,,,,,,,906493996.61,,,,,,,,,,,,4545144.22,1346198.21,,5891342.43,912385339.04,,1042397394.0,,,,1975551294.76,,4276726.62,,35052527.43,,,506077201.9,,,3563355144.71,147570271.88,3710925416.59,4623310755.63,定期报告,是,20170315,CNY,合并期末,2020-03-13T15:29:48
20150930,,948489409.87,,,,,,442520324.41,78188033.74,364332290.67,,181872343.76,,5570976.22,,,,,,,,48633497.44,54204473.66,69710993.71,,,,,190637409.46,1887434954.87,,,,,,,245830763.36,178082762.78,,,,,,,,,,1272110.31,1272110.31,,317345724.11,,317345724.11,,,,,,79181361.77,9079427.77,1580240699.75,49700555.68,,1270307.66,1438215.12,2463441928.31,4350876883.18,,24420056.49,,,,,,552070349.27,4040000.0,548030349.27,42796496.26,,,,50517673.36,40567749.26,,,,,150920511.4,150920511.4,,,,,,,,,,,,,,,,861292836.04,,,,,,,,,,,,5281380.29,,,5281380.29,866574216.33,,877108143.0,,,,1700947162.16,,11346258.94,,33147832.07,,,355890939.76,,,2978440335.93,505862330.92,3484302666.85,4350876883.18,定期报告,未审计,20151029,CNY,合并期末,2020-03-13T15:29:48
20150630,,976930836.55,,,,,,481014910.87,87853844.23,393161066.64,,207463840.98,,3869476.22,,,,,,,,64479402.19,68348878.41,80432075.59,,,,,31448307.06,1845638849.46,,,,,,,135237328.65,50659033.85,,,,,,532204115.18,204778243.37,327425871.81,,873092.66,873092.66,,327425871.81,,327425871.81,,,,,,95189840.19,7278065.26,1580240699.75,54981947.97,,1113669.26,1719572.74,2254719122.14,4100357971.6,,,,,,,,581673065.27,40000.0,581633065.27,29000499.86,,,,35474612.64,54647510.84,,,,,147018000.5,147018000.5,,,,,,,,,,,,,,,,847813689.11,,,,,,,,,,,,5247021.19,,,5247021.19,853060710.3,,877108143.0,,,,1701088572.37,,17743038.39,,33147832.07,,,218233772.54,,,2847321358.37,399975902.93,3247297261.3,4100357971.6,定期报告,未审计,20150825,CNY,合并期末,2020-03-13T15:29:48
20150331,,739919148.95,,,,,,362436815.79,40195410.61,322241405.18,,176343489.8,,7148721.92,,,,,,,,38475118.1,45623840.02,61879178.84,,,,,4511.49,1386206984.89,,,,,,,135932458.24,24949900.54,,,,,,,,,,394514.14,394514.14,,336943065.42,,336943065.42,,,,,,96772345.4,5187693.12,1580240699.75,59618858.12,,1206934.95,4561378.5,2245807848.18,3632014833.07,,,,,,,,473067657.56,4366400.0,468701257.56,22367182.91,,,,33722130.03,32465059.19,,,,,9036226.45,9036226.45,,,,,,,,,,,,,,,70935.09,570729191.23,,,,,,,,,,,,2207419.73,,3538661.35,5746081.08,576475272.31,,324854868.0,,,,2251800263.46,,18219634.97,,33147832.07,,,125162490.63,,,2753185089.13,302354471.63,3055539560.76,3632014833.07,定期报告,未审计,20150430,CNY,合并期末,2020-03-13T15:29:48
20141231,,595624209.81,,,,,,288037432.71,44818239.88,243219192.83,,150569454.25,,4422098.63,,,,,,,,27204286.17,31626384.8,58739157.43,,,,,93742081.72,1218338720.72,,,,,,,90358524.57,16941169.16,,,,,,519569702.0,179555842.49,340013859.51,,2173974.75,2173974.75,,340013859.51,,340013859.51,,,,,,94934188.67,11068363.0,1580240699.75,56187289.67,,951774.78,4070461.7,2196940305.56,3415279026.28,,5658000.0,,,,,,373177542.91,4366400.0,368811142.91,18529226.78,,,,42474067.05,45134455.84,,70400000.0,,,13334839.69,83734839.69,,,,,,,,,,,,,,,,568708132.27,,,,,,,,,,,,5493187.82,,,5493187.82,574201320.09,,324854868.0,,,,2251800263.46,,492992.44,,33147832.07,,,34450879.29,,,2644746835.26,196330870.93,2841077706.19,3415279026.28,定期报告,是,20160312,CNY,合并期末,2020-03-13T15:29:48
20140930,,259244868.89,,,,,,104872379.19,39680197.19,65192182.0,,7343489.89,,3411000.0,,,,,,,,402592.09,3813592.09,63469973.07,,,,,,438744303.13,,,,,,,,,,,,,,,,,,3117571.96,3117571.96,,295371556.92,,295371556.92,,,,,,48412732.57,392761.58,,,,728624.51,,348023247.54,786767550.67,,,,,,,,59600373.91,,59600373.91,633333.54,,,,4109489.15,2680963.72,,,,,4425334.94,4425334.94,,,,,,,,,,,,,,,,71449495.26,,,,,,,,,,,,,,1316997.83,1316997.83,72766493.09,,134000000.0,,,,547353502.84,,,,18545789.78,,,14101764.96,,,714001057.58,,714001057.58,786767550.67,定期报告,未审计,20141030,CNY,合并期末,2020-03-13T15:29:48
20140630,,270359890.97,,,,,,89323500.09,38238040.0,51085460.09,,32564585.57,,1812211.11,,,,,,,,172110.03,1984321.14,54377928.68,,,,,,448610226.45,,,,,,,,,,,,,,438586955.84,137082128.13,301504827.71,,3906365.02,3906365.02,,301504827.71,,301504827.71,,,,,,24151887.39,330038.54,,,,585701.77,,330478820.43,779089046.88,,,,,,,,56898102.36,,56898102.36,63333.23,,,,3555476.04,1707029.35,,,,,2424682.04,2424682.04,,,,,,,,,,,,,,,,64648623.02,,,,,,,,,,,,,,1105000.03,1105000.03,65753623.05,,134000000.0,,,,547353502.84,,,,18545789.78,,,13436131.21,,,713335423.83,,713335423.83,779089046.88,定期报告,未审计,20140819,CNY,合并期末,2020-03-13T15:29:48
20140331,,294320992.75,,,,,,74917704.13,23780000.0,51137704.13,,28830746.44,,1616566.64,,,,,,,,219603.33,1836169.97,50239809.43,,,,,,450145422.72,,,,,,,,,,,,,,,,,,3468553.78,3468553.78,,311490190.13,,311490190.13,,,,,,24337706.17,262447.83,,,,585235.55,,340144133.46,790289556.18,,,,,,,,41119690.12,,41119690.12,253333.28,,,,5375598.04,2839470.67,,,,,1487873.63,1487873.63,,,,,,,,,,,,,,,,51075965.74,,,,,,,,,,,,,,1137500.02,1137500.02,52213465.76,,134000000.0,,,,547353502.84,,,,18545789.78,,,38176797.8,,,738076090.42,,738076090.42,790289556.18,定期报告,未审计,20140428,CNY,合并期末,2020-03-13T15:29:48
20131231,,291465235.72,,,,,,96965033.65,44941150.0,52023883.65,,14447499.16,,1314072.22,,,,,,,,4500.0,1318572.22,47316965.04,,,,,243150.41,451756456.2,,,,,,,,,,,,,,437703807.63,116360213.3,321343594.33,,2832962.43,2832962.43,,321343594.33,,321343594.33,,,,,,24502658.79,74995.39,,,,592319.05,,349346529.99,801102986.19,,,,,,,,52093694.59,,52093694.59,443333.33,,,,5597667.24,1828057.12,,,,,2431466.34,2431466.34,,,,,,,,,,,,,,,,62394218.62,,,,,,,,,,,,1170000.01,,1170000.01,1170000.01,63564218.63,,134000000.0,,,,547353502.84,,,,18545789.78,,,37639474.94,,,737538767.56,,737538767.56,801102986.19,定期报告,是,20150331,CNY,合并期末,2020-03-13T15:29:48
20130930,,268768035.76,,,,,,80003309.63,47460000.0,32543309.63,,8588600.41,,1129730.35,,,,,,,,184403.9,1314134.25,56276750.78,,,,,491556.39,415442387.22,,,,,,,,,,,,,,,,,,18448676.62,18448676.62,,309399619.46,,309399619.46,,,,,,36690370.61,1669780.77,,,,263593.82,,366472041.28,781914428.5,,,,,,,,35310919.36,,35310919.36,633333.34,,,,6081834.31,1199320.15,,,,,1311657.46,1311657.46,,,,,,,,,,,,,,,1202500.0,45739564.62,,,,,,,,,,,,,,,0.0,45739564.62,,134000000.0,,,,547353502.84,,,,18017514.07,,,36803846.97,,,736174863.88,,736174863.88,781914428.5,定期报告,未审计,20131029,CNY,合并期末,2020-03-13T15:29:48
20130630,,265737243.8,,,,,,92449435.95,56269005.6,36180430.35,,15335593.85,,987799.81,,,,,,,,223445.0,1211244.81,50331159.56,,,,,4511.5,425069189.47,,,,,,,,,,,,,,410424051.95,99213465.52,311210586.43,,25102778.79,25102778.79,,311210586.43,,311210586.43,,,,,,24868393.28,1279231.81,,,,292684.22,,362753674.53,787822864.0,,,,,,,,40712864.67,,40712864.67,,,,,6096905.94,2582928.25,,,,,1199129.04,1199129.04,,,,,,,,,,,,,,,,50591827.9,,,,,,,,,,,,,,,0.0,50591827.9,,134000000.0,,,,547353502.84,,,,18017514.07,,,37860019.19,,,737231036.1,,737231036.1,787822864.0,定期报告,未审计,20130806,CNY,合并期末,2020-03-13T15:29:48
20130331,,311113373.58,,,,,,74457591.05,35845930.0,38611661.05,,11360879.87,,547372.03,,,,,,,,42850.0,590222.03,63195575.92,,,,,948628.52,461666270.97,,,,,,,,,,,,,,,,,,24878588.7,24878588.7,,320291699.14,,320291699.14,,,,,,24552825.14,1212424.38,,,,307002.65,,371242540.01,832908810.98,,,,,,,,50828241.25,1396000.0,49432241.25,,,,,5428126.5,819322.7,,,,,1041069.94,1041069.94,,,,,,,,,,,,,,,,58116760.39,,,,,,,,,,,,,,,0.0,58116760.39,,134000000.0,,,,547353502.84,,,,18017514.07,,,75421033.68,,,774792050.59,,774792050.59,832908810.98,定期报告,未审计,20130424,CNY,合并期末,2020-03-13T15:29:48
20121231,,299933321.54,,,,,,85122821.73,40075930.0,45046891.73,,10175843.47,,605366.47,,,,,,,,35150.0,640516.47,49015799.54,,,,,953140.02,445841442.77,,,,,,,,,,,,,,409040323.73,80062486.86,328977836.87,,19670305.93,19670305.93,,328977836.87,,328977836.87,,,,,,24696861.12,1093509.46,,,,359127.17,,374797640.55,820639083.32,,,,,,,,36967215.73,1409000.0,35558215.73,117648.0,,,,5193757.36,2941850.54,,,,,1361007.06,1361007.06,,,,,,,,,,,,,,,,46581478.69,,,,,,,,,,,,,,,0.0,46581478.69,,134000000.0,,,,547353502.84,,,,18017514.07,,,74686587.72,,,774057604.63,,774057604.63,820639083.32,定期报告,是,20140128,CNY,合并期末,2020-03-13T15:29:48
20120930,,295167844.73,,,,,,93508547.52,49787530.23,43721017.29,,9101704.2,,467319.45,,,,,,,,5185815.9,5653135.35,54321380.74,,,,,675730.78,458428343.32,,,,,,,,,,,,,,,,,,62131511.47,62131511.47,,286760893.21,,286760893.21,,,,,,24844615.73,2590974.95,,,,356788.73,,376684784.09,835113127.41,,,,,,,,57864001.56,1497000.0,56367001.56,,,,,4198289.35,-943327.26,,,,,1781344.09,1781344.09,,,,,,,,,,,,,,,,62900307.74,,,,,,,,,,,,,,,0.0,62900307.74,,134000000.0,,,,547353502.84,,,,16637972.7,,,74221344.13,,,772212819.67,,772212819.67,835113127.41,定期报告,未审计,20121023,CNY,合并期末,2020-03-13T15:29:48
20120630,,272947574.83,,,0.0,,,110702659.42,48823932.99,61878726.43,,12882408.12,0.0,507194.45,,,,,,,,238565.9,745760.35,53397945.51,,,,,633146.67,451309494.9,,,0.0,,,,0.0,,,0.0,,,,355440130.19,65542511.4,289897618.79,,71384363.26,71384363.26,0.0,289897618.79,,289897618.79,,,0.0,,,25007861.09,1765748.81,,0.0,,501420.26,0.0,388557012.21,839866507.11,,0.0,,,,0.0,,56710446.17,2443000.0,54267446.17,117648.0,,,,4256906.18,1306581.74,0.0,0.0,,,8430664.16,8430664.16,,,,,,,,,,0.0,,,,,,70822246.25,,,,,,,,,,,,,,,0.0,70822246.25,,134000000.0,,,,547353502.84,,,,16637972.7,,,71052785.32,,,769044260.86,,769044260.86,839866507.11,定期报告,未审计,20120827,CNY,合并期末,2020-03-13T15:29:48
20120331,,293285325.86,,,,,,90883082.8,28909381.59,61973701.21,,10758983.18,,,,,,,,,,421683.9,421683.9,56153942.85,,,,,,451503018.59,,,,,,,,,,,,,,,,,,65842055.45,65842055.45,,285656932.75,,285656932.75,,,,,,25168366.53,1037485.22,,,,463339.47,,378168179.42,829671198.01,,,,,,,,48892014.47,,48892014.47,,,,,4235890.23,-184585.47,,,,,8298537.77,8298537.77,,,,,,,,,,,,,,,,61241857.0,,,,,,,,,,,,,,,0.0,61241857.0,,134000000.0,,,,547353502.84,,,,16637972.7,,,70437865.47,,,768429341.01,,768429341.01,829671198.01,定期报告,未审计,20120420,CNY,合并期末,2020-03-13T15:29:48
20111231,,325058434.56,,,,,,83499838.6,45757000.0,37742838.6,,11080145.5,,623527.78,,,,,,,,534624.14,1158151.92,57894261.08,,,,,608006.43,479298838.09,,,,,,,,,,,,,,408229301.73,90549872.27,317679429.46,,17008946.67,17008946.67,,317679429.46,,317679429.46,,,,,,25309507.0,797601.01,,,,313886.76,,361109370.9,840408208.99,,,,,,,,65711526.1,9594000.0,56117526.1,4050.0,,,,4395689.31,-4403839.61,,,,,9493690.58,9493690.58,,,,,,,,,,,,,,,,75201116.38,,,,,,,,,,,,,,,0.0,75201116.38,,134000000.0,,,,547353502.84,,,,16637972.7,,,67215617.07,,,765207092.61,,765207092.61,840408208.99,定期报告,是,20130424,CNY,合并期末,2020-03-13T15:29:48
20110930,,329704797.9,,,,,,92005728.13,46648400.0,45357328.13,,12685820.14,,,,,,,,,,100583.15,100583.15,52732829.99,,,,,,487229759.31,,,,,,,,,,,,,,,,,,88689514.82,88689514.82,,230669271.67,,230669271.67,,,,,,25472147.47,3866365.74,,,,365428.58,,349062728.28,836292487.59,,,,,,,,65036233.75,7944000.0,57092233.75,,,,,4133826.82,-2867340.45,,,,,8185099.51,8185099.51,,,,,,,,,,,,,,,,74487819.63,,,,,,,,,,,,,,,0.0,74487819.63,,134000000.0,,,,547353502.84,,,,12442088.83,,,68009076.29,,,761804667.96,,761804667.96,836292487.59,定期报告,未审计,20111024,CNY,合并期末,2020-03-13T15:29:48
20110630,,360915416.76,,,,,,80208718.81,31809800.0,48398918.81,,47853961.26,,,,,,,,,,135895.88,135895.88,56119275.05,,,,,,545233267.76,,,,,,,,,,,,,,306022316.88,75896772.7,230125544.18,,35949948.2,35949948.2,,230125544.18,,230125544.18,,,,,,25634787.94,2568880.32,,,,407402.46,,294686563.1,839919830.86,,,,,,,,59779080.06,,59779080.06,166938.2,,,,4086457.62,4667124.16,51585.0,,,,15940440.62,15992025.62,,,,,,,,,,,,,,,,84691625.66,,,,,,,,,,,,,,,0.0,84691625.66,,134000000.0,,,,547353502.84,,,,12442088.83,,,61432613.53,,,755228205.2,,755228205.2,839919830.86,定期报告,未审计,20110819,CNY,合并期末,2020-03-13T15:29:48
20110331,,377637380.13,,,,,,83913289.56,21330000.0,62583289.56,,53943542.68,,,,,,,,,,199700.03,199700.03,63680191.7,,,,,,579374104.1,,,,,,,,,,,,,,,,,,41204678.81,41204678.81,,174075906.63,,174075906.63,,,,,,25797428.41,5098493.46,,,,495533.91,,246672041.22,826046145.32,,,,,,,,64552178.65,,64552178.65,490692.0,,,,3249537.7,-260168.19,,,,,5124720.11,5124720.11,,,,,,,,,,,,,,,,73156960.27,,,,,,,,,,,,,,,,73156960.27,,67000000.0,,,,547353502.84,,,,12442088.83,,,126093593.38,,,752889185.05,,752889185.05,826046145.32,定期报告,未审计,20110418,CNY,合并期末,2020-03-13T15:29:48
20101231,,11344504.15,,,,,,59448958.0,9572000.0,49876958.0,,57552606.41,,,,,,,,,,308451.95,308451.95,52035248.54,,,,,,180689769.05,,,,,,,,,,,,,,236119593.32,65172410.65,170947182.67,,18870462.04,18870462.04,,170947182.67,,170947182.67,,,,,,25960601.64,2857061.01,,,,415509.58,,219050816.94,399740585.99,,140831995.0,,,,,,61984160.3,2700000.0,59284160.3,81088.0,,,,3289327.2,-4091125.49,236997.45,,,,15109214.69,15346212.14,,,,,,,,,,,,,,,,217441657.15,,,,,,,,,,,,,,,0.0,217441657.15,,50000000.0,,,,8737360.29,,,,12442088.83,,,111119479.72,,,182298928.84,,182298928.84,399740585.99,定期报告,是,20120330,CNY,合并期末,2020-03-13T15:29:48
20100630,,31994552.01,,,,,,46145118.33,12261000.0,33884118.33,,56118303.45,,,,,,,,,,233687.85,233687.85,38286511.76,,,,,,172778173.4,,,,,,,,,,,,,,176832294.95,57299289.22,119533005.73,,7022359.72,7022359.72,,119533005.73,,119533005.73,,,,,,25624965.97,,,,,269618.78,,152449950.2,325228123.6,,80000000.0,,,,,,66019352.34,6750000.0,59269352.34,114068.0,,,,2550019.06,2047674.44,147600.0,,,,15378118.96,15525718.96,,,,,,,,,,,,,,,,166256832.8,,,,,,,,,,,,,,,,166256832.8,,50000000.0,,,,8737360.29,,,,7438574.83,,,92795355.68,,,158971290.8,,158971290.8,325228123.6,招股说明书(申报稿),未审计,20101217,CNY,合并期末,2020-03-13T15:29:48
20091231,,45374987.0,,,,,,61308176.6,20240000.0,41068176.6,,14434046.2,,,,,,,,,,379946.65,379946.65,36112902.18,,,,,,157610058.63,,,,,,,,,,,,,,167132984.46,50755113.29,116377871.17,,3954076.79,3954076.79,,116377871.17,,116377871.17,,,,,,9103601.13,,,,,330955.58,,129766504.67,287376563.3,,60000000.0,,,,,,59869050.53,6367250.0,53501800.53,25080.0,,,,2171378.17,4293685.81,103050.0,,,,17837570.0,17940620.0,,,,,,,,,,,,,,,,144299814.51,,,,,,,,,,,,,,,,144299814.51,,50000000.0,,,,18737360.29,,,,7438574.83,,,66900813.67,,,143076748.79,,143076748.79,287376563.3,招股说明书/意向书,是,20110211,CNY,合并期末,2020-03-13T15:29:48
20081231,,13888442.26,,,,,,28457572.0,2830000.0,25627572.0,,2425715.45,,,,,,,,,,367895.6,367895.6,30915427.99,,,,,,76055053.3,,,,,,,,,,,,,,,,,,8459775.35,8459775.35,,104709625.07,,104709625.07,,,,,,9114010.94,,,,,130872.92,,122414284.28,198469337.58,,22000000.0,,,,,,47193064.51,21321000.0,25872064.51,7998.8,,,,1601823.9,2195143.34,,,,,5930497.95,5930497.95,,,,,,,,,,,,,,,,78928528.5,,25000000.0,,,,,,,,,,,,,25000000.0,103928528.5,,50000000.0,,,,8770516.72,,,,3585908.01,,,32184384.35,,,94540809.08,,94540809.08,198469337.58,招股说明书/意向书,是,20110211,CNY,合并期末,2020-03-13T15:29:48
